"Date";"D0";"D1";"Value"
"1970";"EW";"TP3";
"1970";"EW";"TP1";
"1970";"EW";"TP2";
"1970";"EW";"AP";"37.06742122"
"1970";"EW";"TP";
"1970";"EH";"TP3";
"1970";"EH";"TP1";
"1970";"EH";"TP2";
"1970";"EH";"AP";"36.47633889"
"1970";"EH";"TP";
"1970";"MH";"TP1";
"1970";"MH";"TP2";
"1970";"MH";"TP";
"1970";"MW";"AP";"34.66497737"
"1970";"BF";"AP";"48.58816355"
"1970";"GF";"AP";"46.12073999"
"1970";"VF";"AP";"57.4925158"
"1971";"EW";"TP3";
"1971";"EW";"TP1";
"1971";"EW";"TP2";
"1971";"EW";"AP";"40.04192509"
"1971";"EW";"TP";
"1971";"EH";"TP3";
"1971";"EH";"TP1";
"1971";"EH";"TP2";
"1971";"EH";"AP";"41.77123341"
"1971";"EH";"TP";
"1971";"MH";"TP1";
"1971";"MH";"TP2";
"1971";"MH";"TP";
"1971";"MW";"AP";"40.16484999"
"1971";"BF";"AP";"52.45452225"
"1971";"GF";"AP";"54.2660101"
"1971";"VF";"AP";"54.10196081"
"1972";"EW";"TP3";
"1972";"EW";"TP1";
"1972";"EW";"TP2";
"1972";"EW";"AP";"45.1922735"
"1972";"EW";"TP";
"1972";"EH";"TP3";
"1972";"EH";"TP1";
"1972";"EH";"TP2";
"1972";"EH";"AP";"50.33160509"
"1972";"EH";"TP";
"1972";"MH";"TP1";
"1972";"MH";"TP2";
"1972";"MH";"TP";
"1972";"MW";"AP";"45.60683053"
"1972";"BF";"AP";"59.94611239"
"1972";"GF";"AP";"56.38170999"
"1972";"VF";"AP";"72.4924227"
"1973";"EW";"TP3";
"1973";"EW";"TP1";
"1973";"EW";"TP2";
"1973";"EW";"AP";"51.02109832"
"1973";"EW";"TP";
"1973";"EH";"TP3";
"1973";"EH";"TP1";
"1973";"EH";"TP2";
"1973";"EH";"AP";"59.4462652"
"1973";"EH";"TP";
"1973";"MH";"TP1";
"1973";"MH";"TP2";
"1973";"MH";"TP";
"1973";"MW";"AP";"50.33418182"
"1973";"BF";"AP";"64.89692533"
"1973";"GF";"AP";"66.65969148"
"1973";"VF";"AP";"76.55343156"
"1974";"EW";"TP3";
"1974";"EW";"TP1";
"1974";"EW";"TP2";
"1974";"EW";"AP";"50.41962955"
"1974";"EW";"TP";
"1974";"EH";"TP3";
"1974";"EH";"TP1";
"1974";"EH";"TP2";
"1974";"EH";"AP";"59.5886159"
"1974";"EH";"TP";
"1974";"MH";"TP1";
"1974";"MH";"TP2";
"1974";"MH";"TP";
"1974";"MW";"AP";"53.3904718"
"1974";"BF";"AP";"65.48228346"
"1974";"GF";"AP";"63.00792905"
"1974";"VF";"AP";"72.95022813"
"1975";"EW";"TP3";
"1975";"EW";"TP1";
"1975";"EW";"TP2";
"1975";"EW";"AP";"49.33872138"
"1975";"EW";"TP";
"1975";"EH";"TP3";
"1975";"EH";"TP1";
"1975";"EH";"TP2";
"1975";"EH";"AP";"54.96815258"
"1975";"EH";"TP";
"1975";"MH";"TP1";
"1975";"MH";"TP2";
"1975";"MH";"TP";
"1975";"MW";"AP";"52.06494286"
"1975";"BF";"AP";"63.58793091"
"1975";"GF";"AP";"56.698404"
"1975";"VF";"AP";"71.22987331"
"1976";"EW";"TP3";
"1976";"EW";"TP1";
"1976";"EW";"TP2";
"1976";"EW";"AP";"48.81474051"
"1976";"EW";"TP";
"1976";"EH";"TP3";
"1976";"EH";"TP1";
"1976";"EH";"TP2";
"1976";"EH";"AP";"52.66974549"
"1976";"EH";"TP";
"1976";"MH";"TP1";
"1976";"MH";"TP2";
"1976";"MH";"TP";
"1976";"MW";"AP";"48.69961864"
"1976";"BF";"AP";"57.72526318"
"1976";"GF";"AP";"56.48758647"
"1976";"VF";"AP";"64.76237417"
"1977";"EW";"TP3";
"1977";"EW";"TP1";
"1977";"EW";"TP2";
"1977";"EW";"AP";"52.27041038"
"1977";"EW";"TP";
"1977";"EH";"TP3";
"1977";"EH";"TP1";
"1977";"EH";"TP2";
"1977";"EH";"AP";"52.99788168"
"1977";"EH";"TP";
"1977";"MH";"TP1";
"1977";"MH";"TP2";
"1977";"MH";"TP";
"1977";"MW";"AP";"48.29315496"
"1977";"BF";"AP";"55.72894307"
"1977";"GF";"AP";"52.94199153"
"1977";"VF";"AP";"63.38747101"
"1978";"EW";"TP3";
"1978";"EW";"TP1";
"1978";"EW";"TP2";
"1978";"EW";"AP";"53.62600011"
"1978";"EW";"TP";
"1978";"EH";"TP3";
"1978";"EH";"TP1";
"1978";"EH";"TP2";
"1978";"EH";"AP";"55.31750435"
"1978";"EH";"TP";
"1978";"MH";"TP1";
"1978";"MH";"TP2";
"1978";"MH";"TP";
"1978";"MW";"AP";"48.59144342"
"1978";"BF";"AP";"58.18161351"
"1978";"GF";"AP";"56.59295857"
"1978";"VF";"AP";"70.34246385"
"1979";"EW";"TP3";
"1979";"EW";"TP1";
"1979";"EW";"TP2";
"1979";"EW";"AP";"57.70988916"
"1979";"EW";"TP";
"1979";"EH";"TP3";
"1979";"EH";"TP1";
"1979";"EH";"TP2";
"1979";"EH";"AP";"59.93001229"
"1979";"EH";"TP";
"1979";"MH";"TP1";
"1979";"MH";"TP2";
"1979";"MH";"TP";
"1979";"MW";"AP";"50.58106077"
"1979";"BF";"AP";"61.07753943"
"1979";"GF";"AP";"57.48728371"
"1979";"VF";"AP";"75.73960321"
"1980";"EW";"TP3";
"1980";"EW";"TP1";
"1980";"EW";"TP2";
"1980";"EW";"AP";"62.18685853"
"1980";"EW";"TP";
"1980";"EH";"TP3";
"1980";"EH";"TP1";
"1980";"EH";"TP2";
"1980";"EH";"AP";"65.84390784"
"1980";"EH";"TP";
"1980";"MH";"TP1";
"1980";"MH";"TP2";
"1980";"MH";"TP";
"1980";"MW";"AP";"56.7781403"
"1980";"BF";"AP";"64.45189483"
"1980";"GF";"AP";"67.11446246"
"1980";"VF";"AP";"70.00088282"
"1981";"EW";"TP3";
"1981";"EW";"TP1";
"1981";"EW";"TP2";"60.92027246"
"1981";"EW";"AP";"67.59909694"
"1981";"EW";"TP";
"1981";"EH";"TP3";
"1981";"EH";"TP1";
"1981";"EH";"TP2";"59.35077635"
"1981";"EH";"AP";"72.59223863"
"1981";"EH";"TP";
"1981";"MH";"TP1";
"1981";"MH";"TP2";
"1981";"MH";"TP";
"1981";"MW";"AP";"66.42455587"
"1981";"BF";"AP";"74.37758133"
"1981";"GF";"AP";"72.98743261"
"1981";"VF";"AP";"88.27172067"
"1982";"EW";"TP3";
"1982";"EW";"TP1";
"1982";"EW";"TP2";"73.01416181"
"1982";"EW";"AP";"70.92685018"
"1982";"EW";"TP";
"1982";"EH";"TP3";
"1982";"EH";"TP1";
"1982";"EH";"TP2";"63.79659885"
"1982";"EH";"AP";"76.12850595"
"1982";"EH";"TP";
"1982";"MH";"TP1";
"1982";"MH";"TP2";
"1982";"MH";"TP";
"1982";"MW";"AP";"74.62977172"
"1982";"BF";"AP";"76.00578133"
"1982";"GF";"AP";"68.59255621"
"1982";"VF";"AP";"84.20068333"
"1983";"EW";"TP3";
"1983";"EW";"TP1";
"1983";"EW";"TP2";"79.94315676"
"1983";"EW";"AP";"74.43078829"
"1983";"EW";"TP";
"1983";"EH";"TP3";
"1983";"EH";"TP1";
"1983";"EH";"TP2";"68.66219858"
"1983";"EH";"AP";"79.30613685"
"1983";"EH";"TP";
"1983";"MH";"TP1";
"1983";"MH";"TP2";
"1983";"MH";"TP";
"1983";"MW";"AP";"77.55089573"
"1983";"BF";"AP";"82.61854881"
"1983";"GF";"AP";"78.78035105"
"1983";"VF";"AP";"93.91861925"
"1984";"EW";"TP3";
"1984";"EW";"TP1";
"1984";"EW";"TP2";"80.97221542"
"1984";"EW";"AP";"79.54162279"
"1984";"EW";"TP";
"1984";"EH";"TP3";
"1984";"EH";"TP1";
"1984";"EH";"TP2";"73.60412145"
"1984";"EH";"AP";"83.74040805"
"1984";"EH";"TP";
"1984";"MH";"TP1";
"1984";"MH";"TP2";
"1984";"MH";"TP";
"1984";"MW";"AP";"80.21127987"
"1984";"BF";"AP";"82.94216055"
"1984";"GF";"AP";"79.20105876"
"1984";"VF";"AP";"101.40053433"
"1985";"EW";"TP3";
"1985";"EW";"TP1";"87.38975516"
"1985";"EW";"TP2";"84.50041652"
"1985";"EW";"AP";"83.91257985"
"1985";"EW";"TP";"87.74342345"
"1985";"EH";"TP3";
"1985";"EH";"TP1";"79.14764819"
"1985";"EH";"TP2";"78.08810552"
"1985";"EH";"AP";"87.82903143"
"1985";"EH";"TP";"79.11522557"
"1985";"MH";"TP1";
"1985";"MH";"TP2";
"1985";"MH";"TP";
"1985";"MW";"AP";"84.10455992"
"1985";"BF";"AP";"83.20665221"
"1985";"GF";"AP";"79.01786917"
"1985";"VF";"AP";"105.38863889"
"1986";"EW";"TP3";
"1986";"EW";"TP1";"92.74642816"
"1986";"EW";"TP2";"87.14656735"
"1986";"EW";"AP";"88.45578136"
"1986";"EW";"TP";"89.62208037"
"1986";"EH";"TP3";
"1986";"EH";"TP1";"81.39482196"
"1986";"EH";"TP2";"80.43504186"
"1986";"EH";"AP";"93.09401189"
"1986";"EH";"TP";"79.57298997"
"1986";"MH";"TP1";
"1986";"MH";"TP2";
"1986";"MH";"TP";
"1986";"MW";"AP";"86.14829103"
"1986";"BF";"AP";"95.45679553"
"1986";"GF";"AP";"78.99182119"
"1986";"VF";"AP";"107.49890795"
"1987";"EW";"TP3";
"1987";"EW";"TP1";"94.34225192"
"1987";"EW";"TP2";"90.89038075"
"1987";"EW";"AP";"96.10660341"
"1987";"EW";"TP";"93.50841155"
"1987";"EH";"TP3";
"1987";"EH";"TP1";"85.21960152"
"1987";"EH";"TP2";"83.94590598"
"1987";"EH";"AP";"99.36901454"
"1987";"EH";"TP";"80.57780646"
"1987";"MH";"TP1";
"1987";"MH";"TP2";
"1987";"MH";"TP";
"1987";"MW";"AP";"91.85507709"
"1987";"BF";"AP";"98.97733425"
"1987";"GF";"AP";"93.11317622"
"1987";"VF";"AP";"125.20274565"
"1988";"EW";"TP3";
"1988";"EW";"TP1";"104.56529222"
"1988";"EW";"TP2";"97.52535895"
"1988";"EW";"AP";"106.53214175"
"1988";"EW";"TP";"99.28979126"
"1988";"EH";"TP3";
"1988";"EH";"TP1";"88.68857702"
"1988";"EH";"TP2";"88.84966728"
"1988";"EH";"AP";"114.24955392"
"1988";"EH";"TP";"84.64826837"
"1988";"MH";"TP1";
"1988";"MH";"TP2";
"1988";"MH";"TP";
"1988";"MW";"AP";"102.30838356"
"1988";"BF";"AP";"108.20556851"
"1988";"GF";"AP";"99.29921806"
"1988";"VF";"AP";"133.70832532"
"1989";"EW";"TP3";
"1989";"EW";"TP1";"109.67768455"
"1989";"EW";"TP2";"107.70813936"
"1989";"EW";"AP";"117.15313964"
"1989";"EW";"TP";"106.82764674"
"1989";"EH";"TP3";
"1989";"EH";"TP1";"98.62385419"
"1989";"EH";"TP2";"97.39785818"
"1989";"EH";"AP";"128.82407808"
"1989";"EH";"TP";"92.3352753"
"1989";"MH";"TP1";
"1989";"MH";"TP2";
"1989";"MH";"TP";
"1989";"MW";"AP";"116.30808852"
"1989";"BF";"AP";"117.45447261"
"1989";"GF";"AP";"104.78555644"
"1989";"VF";"AP";"141.60134668"
"1990";"EW";"TP3";
"1990";"EW";"TP1";"113.32465649"
"1990";"EW";"TP2";"109.04101534"
"1990";"EW";"AP";"122.83717158"
"1990";"EW";"TP";"112.16030805"
"1990";"EH";"TP3";
"1990";"EH";"TP1";"103.91576104"
"1990";"EH";"TP2";"101.51930737"
"1990";"EH";"AP";"128.46662032"
"1990";"EH";"TP";"100.49828841"
"1990";"MH";"TP1";
"1990";"MH";"TP2";
"1990";"MH";"TP";
"1990";"MW";"AP";"137.73712859"
"1990";"BF";"AP";"134.68370116"
"1990";"GF";"AP";"117.04677846"
"1990";"VF";"AP";"163.07488584"
"1991";"EW";"TP3";
"1991";"EW";"TP1";"113.67032259"
"1991";"EW";"TP2";"109.5702455"
"1991";"EW";"AP";"121.8454291"
"1991";"EW";"TP";"115.88203554"
"1991";"EH";"TP3";
"1991";"EH";"TP1";"107.26604513"
"1991";"EH";"TP2";"103.09347199"
"1991";"EH";"AP";"126.34543659"
"1991";"EH";"TP";"101.60135945"
"1991";"MH";"TP1";
"1991";"MH";"TP2";
"1991";"MH";"TP";
"1991";"MW";"AP";"155.31512168"
"1991";"BF";"AP";"136.11267788"
"1991";"GF";"AP";"127.25482509"
"1991";"VF";"AP";"142.7958282"
"1992";"EW";"TP3";
"1992";"EW";"TP1";"117.06234339"
"1992";"EW";"TP2";"109.37423433"
"1992";"EW";"AP";"116.64363967"
"1992";"EW";"TP";"114.29455538"
"1992";"EH";"TP3";
"1992";"EH";"TP1";"105.44870165"
"1992";"EH";"TP2";"102.12035204"
"1992";"EH";"AP";"120.78477163"
"1992";"EH";"TP";"101.24803358"
"1992";"MH";"TP1";
"1992";"MH";"TP2";
"1992";"MH";"TP";
"1992";"MW";"AP";"157.06972102"
"1992";"BF";"AP";"123.566311"
"1992";"GF";"AP";"121.06812455"
"1992";"VF";"AP";"141.85566304"
"1993";"EW";"TP3";
"1993";"EW";"TP1";"113.64390844"
"1993";"EW";"TP2";"110.05047288"
"1993";"EW";"AP";"111.8897697"
"1993";"EW";"TP";"114.19942873"
"1993";"EH";"TP3";
"1993";"EH";"TP1";"103.64359452"
"1993";"EH";"TP2";"101.33803993"
"1993";"EH";"AP";"114.53812637"
"1993";"EH";"TP";"99.41185271"
"1993";"MH";"TP1";
"1993";"MH";"TP2";
"1993";"MH";"TP";
"1993";"MW";"AP";"142.98756787"
"1993";"BF";"AP";"114.96135024"
"1993";"GF";"AP";"115.32444388"
"1993";"VF";"AP";"122.41734174"
"1994";"EW";"TP3";
"1994";"EW";"TP1";"114.17049811"
"1994";"EW";"TP2";"108.70779634"
"1994";"EW";"AP";"111.5250656"
"1994";"EW";"TP";"112.37893696"
"1994";"EH";"TP3";
"1994";"EH";"TP1";"101.09218017"
"1994";"EH";"TP2";"102.14897322"
"1994";"EH";"AP";"114.44994832"
"1994";"EH";"TP";"100.08308621"
"1994";"MH";"TP1";
"1994";"MH";"TP2";
"1994";"MH";"TP";
"1994";"MW";"AP";"130.41559775"
"1994";"BF";"AP";"107.47909024"
"1994";"GF";"AP";"113.66985662"
"1994";"VF";"AP";"113.6425552"
"1995";"EW";"TP3";
"1995";"EW";"TP1";"111.94510653"
"1995";"EW";"TP2";"106.71828294"
"1995";"EW";"AP";"108.31094936"
"1995";"EW";"TP";"110.03339494"
"1995";"EH";"TP3";
"1995";"EH";"TP1";"101.19038331"
"1995";"EH";"TP2";"101.62425168"
"1995";"EH";"AP";"109.99214712"
"1995";"EH";"TP";"100.6539315"
"1995";"MH";"TP1";
"1995";"MH";"TP2";
"1995";"MH";"TP";
"1995";"MW";"AP";"122.91877299"
"1995";"BF";"AP";"103.75705374"
"1995";"GF";"AP";"116.27119166"
"1995";"VF";"AP";"115.81345627"
"1996";"EW";"TP3";
"1996";"EW";"TP1";"109.3699325"
"1996";"EW";"TP2";"105.88278532"
"1996";"EW";"AP";"104.50111466"
"1996";"EW";"TP";"107.16392623"
"1996";"EH";"TP3";
"1996";"EH";"TP1";"97.76399908"
"1996";"EH";"TP2";"98.43537577"
"1996";"EH";"AP";"103.69988192"
"1996";"EH";"TP";"98.26634785"
"1996";"MH";"TP1";
"1996";"MH";"TP2";"81.26648083"
"1996";"MH";"TP";
"1996";"MW";"AP";"112.67227189"
"1996";"BF";"AP";"101.64099505"
"1996";"GF";"AP";"101.72086481"
"1996";"VF";"AP";"109.88456656"
"1997";"EW";"TP3";
"1997";"EW";"TP1";"107.49291959"
"1997";"EW";"TP2";"101.85230558"
"1997";"EW";"AP";"99.7554425"
"1997";"EW";"TP";"102.95857675"
"1997";"EH";"TP3";
"1997";"EH";"TP1";"95.50281889"
"1997";"EH";"TP2";"95.95248885"
"1997";"EH";"AP";"100.09309134"
"1997";"EH";"TP";"97.86297665"
"1997";"MH";"TP1";
"1997";"MH";"TP2";"77.05680705"
"1997";"MH";"TP";
"1997";"MW";"AP";"106.38426079"
"1997";"BF";"AP";"98.74199367"
"1997";"GF";"AP";"98.40865904"
"1997";"VF";"AP";"103.28566743"
"1998";"EW";"TP3";
"1998";"EW";"TP1";"102.82266828"
"1998";"EW";"TP2";"101.38677905"
"1998";"EW";"AP";"98.40839341"
"1998";"EW";"TP";"102.24445211"
"1998";"EH";"TP3";
"1998";"EH";"TP1";"94.06578944"
"1998";"EH";"TP2";"96.88744723"
"1998";"EH";"AP";"99.22895888"
"1998";"EH";"TP";"97.30334609"
"1998";"MH";"TP1";
"1998";"MH";"TP2";"75.76847736"
"1998";"MH";"TP";
"1998";"MW";"AP";"102.03955866"
"1998";"BF";"AP";"96.65350094"
"1998";"GF";"AP";"97.25347126"
"1998";"VF";"AP";"96.70942259"
"1999";"EW";"TP3";
"1999";"EW";"TP1";"98.9823003"
"1999";"EW";"TP2";"98.5421669"
"1999";"EW";"AP";"98.53346225"
"1999";"EW";"TP";"101.61501049"
"1999";"EH";"TP3";
"1999";"EH";"TP1";"95.98398564"
"1999";"EH";"TP2";"96.17430296"
"1999";"EH";"AP";"99.08164045"
"1999";"EH";"TP";"99.34181673"
"1999";"MH";"TP1";
"1999";"MH";"TP2";"77.66330144"
"1999";"MH";"TP";
"1999";"MW";"AP";"99.73256511"
"1999";"BF";"AP";"96.96563276"
"1999";"GF";"AP";"99.00509356"
"1999";"VF";"AP";"94.01391934"
"2000";"EW";"TP3";
"2000";"EW";"TP1";"100"
"2000";"EW";"TP2";"100"
"2000";"EW";"AP";"100"
"2000";"EW";"TP";"100"
"2000";"EH";"TP3";
"2000";"EH";"TP1";"100"
"2000";"EH";"TP2";"100"
"2000";"EH";"AP";"100"
"2000";"EH";"TP";"100"
"2000";"MH";"TP1";"66.52057554"
"2000";"MH";"TP2";"85.95080238"
"2000";"MH";"TP";
"2000";"MW";"AP";"100"
"2000";"BF";"AP";"100"
"2000";"GF";"AP";"100"
"2000";"VF";"AP";"100"
"2001";"EW";"TP3";
"2001";"EW";"TP1";"101.75955786"
"2001";"EW";"TP2";"102.23452737"
"2001";"EW";"AP";"104.29728972"
"2001";"EW";"TP";"100.52174318"
"2001";"EH";"TP3";
"2001";"EH";"TP1";"101.98706528"
"2001";"EH";"TP2";"104.7868915"
"2001";"EH";"AP";"101.92728465"
"2001";"EH";"TP";"100.89390315"
"2001";"MH";"TP1";"71.67546594"
"2001";"MH";"TP2";"81.87862578"
"2001";"MH";"TP";
"2001";"MW";"AP";"101.8356836"
"2001";"BF";"AP";"104.80127851"
"2001";"GF";"AP";"98.10294653"
"2001";"VF";"AP";"99.33741061"
"2002";"EW";"TP3";
"2002";"EW";"TP1";"103.7374949"
"2002";"EW";"TP2";"102.72945558"
"2002";"EW";"AP";"112.40078678"
"2002";"EW";"TP";"101.70288795"
"2002";"EH";"TP3";
"2002";"EH";"TP1";"101.52341877"
"2002";"EH";"TP2";"102.11558184"
"2002";"EH";"AP";"106.64691797"
"2002";"EH";"TP";"100.75691113"
"2002";"MH";"TP1";"72.42881464"
"2002";"MH";"TP2";"79.12303172"
"2002";"MH";"TP";
"2002";"MW";"AP";"105.40160018"
"2002";"BF";"AP";"106.64583984"
"2002";"GF";"AP";"99.70686953"
"2002";"VF";"AP";"103.66350188"
"2003";"EW";"TP3";
"2003";"EW";"TP1";"107.85637608"
"2003";"EW";"TP2";"104.42495222"
"2003";"EW";"AP";"119.48379635"
"2003";"EW";"TP";"104.24710106"
"2003";"EH";"TP3";
"2003";"EH";"TP1";"103.86800838"
"2003";"EH";"TP2";"103.21272688"
"2003";"EH";"AP";"109.82739515"
"2003";"EH";"TP";"102.19971364"
"2003";"MH";"TP1";"74.5462189"
"2003";"MH";"TP2";"79.79733293"
"2003";"MH";"TP";
"2003";"MW";"AP";"108.82208243"
"2003";"BF";"AP";"106.09197734"
"2003";"GF";"AP";"103.53945698"
"2003";"VF";"AP";"104.95341431"
"2004";"EW";"TP3";
"2004";"EW";"TP1";"112.75151952"
"2004";"EW";"TP2";"105.90728672"
"2004";"EW";"AP";"122.51564527"
"2004";"EW";"TP";"110.17106286"
"2004";"EH";"TP3";
"2004";"EH";"TP1";"103.7299094"
"2004";"EH";"TP2";"104.75588523"
"2004";"EH";"AP";"112.42439346"
"2004";"EH";"TP";"105.94762434"
"2004";"MH";"TP1";"79.10512273"
"2004";"MH";"TP2";"81.89181044"
"2004";"MH";"TP";
"2004";"MW";"AP";"112.55913062"
"2004";"BF";"AP";"106.49412788"
"2004";"GF";"AP";"103.26578429"
"2004";"VF";"AP";"107.7542686"
"2005";"EW";"TP3";
"2005";"EW";"TP1";"117.66743459"
"2005";"EW";"TP2";"106.57127456"
"2005";"EW";"AP";"125.22696492"
"2005";"EW";"TP";"115.72163336"
"2005";"EH";"TP3";
"2005";"EH";"TP1";"108.28516997"
"2005";"EH";"TP2";"105.48572519"
"2005";"EH";"AP";"113.63374738"
"2005";"EH";"TP";"109.86862216"
"2005";"MH";"TP1";"89.01707225"
"2005";"MH";"TP2";"85.67015746"
"2005";"MH";"TP";"82.78724727"
"2005";"MW";"AP";"116.84349312"
"2005";"BF";"AP";"106.88310247"
"2005";"GF";"AP";"103.80975893"
"2005";"VF";"AP";"104.88059386"
"2006";"EW";"TP3";
"2006";"EW";"TP1";"124.73906242"
"2006";"EW";"TP2";"111.75822022"
"2006";"EW";"AP";"126.99066945"
"2006";"EW";"TP";"123.73007922"
"2006";"EH";"TP3";
"2006";"EH";"TP1";"113.47609115"
"2006";"EH";"TP2";"109.9220073"
"2006";"EH";"AP";"116.45865743"
"2006";"EH";"TP";"116.63153466"
"2006";"MH";"TP1";"91.60913567"
"2006";"MH";"TP2";"89.42590221"
"2006";"MH";"TP";"86.97081725"
"2006";"MW";"AP";"120.65254049"
"2006";"BF";"AP";"107.7081171"
"2006";"GF";"AP";"104.80639544"
"2006";"VF";"AP";"107.20029936"
"2007";"EW";"TP3";
"2007";"EW";"TP1";"132.97190934"
"2007";"EW";"TP2";"120.96094477"
"2007";"EW";"AP";"130.15611776"
"2007";"EW";"TP";"133.50233239"
"2007";"EH";"TP3";
"2007";"EH";"TP1";"120.51868394"
"2007";"EH";"TP2";"117.3277363"
"2007";"EH";"AP";"118.85988892"
"2007";"EH";"TP";"123.49524646"
"2007";"MH";"TP1";"93.31223652"
"2007";"MH";"TP2";"91.51661267"
"2007";"MH";"TP";"94.51814652"
"2007";"MW";"AP";"123.73518947"
"2007";"BF";"AP";"107.14810291"
"2007";"GF";"AP";"108.29187174"
"2007";"VF";"AP";"106.80577097"
"2008";"EW";"TP3";
"2008";"EW";"TP1";"140.03434433"
"2008";"EW";"TP2";"129.9456069"
"2008";"EW";"AP";"135.5107307"
"2008";"EW";"TP";"139.7043921"
"2008";"EH";"TP3";
"2008";"EH";"TP1";"125.41308524"
"2008";"EH";"TP2";"128.40890119"
"2008";"EH";"AP";"122.05189619"
"2008";"EH";"TP";"128.12312208"
"2008";"MH";"TP1";"95.14270709"
"2008";"MH";"TP2";"91.1907632"
"2008";"MH";"TP";"91.4773223"
"2008";"MW";"AP";"128.93638687"
"2008";"BF";"AP";"107.98808397"
"2008";"GF";"AP";"108.73736901"
"2008";"VF";"AP";"107.41327067"
"2009";"EW";"TP3";
"2009";"EW";"TP1";"145.67397588"
"2009";"EW";"TP2";"131.57985005"
"2009";"EW";"AP";"144.21147831"
"2009";"EW";"TP";"144.46307321"
"2009";"EH";"TP3";
"2009";"EH";"TP1";"130.29809233"
"2009";"EH";"TP2";"127.54549574"
"2009";"EH";"AP";"128.2039769"
"2009";"EH";"TP";"128.75702406"
"2009";"MH";"TP1";"97.12833264"
"2009";"MH";"TP2";"97.50244858"
"2009";"MH";"TP";"96.52323388"
"2009";"MW";"AP";"133.51037939"
"2009";"BF";"AP";"112.26528379"
"2009";"GF";"AP";"100.33725611"
"2009";"VF";"AP";"111.04809232"
"2010";"EW";"TP3";
"2010";"EW";"TP1";"162.77182899"
"2010";"EW";"TP2";"132.18993483"
"2010";"EW";"AP";"151.71707213"
"2010";"EW";"TP";"152.82966"
"2010";"EH";"TP3";
"2010";"EH";"TP1";"141.94079378"
"2010";"EH";"TP2";"127.9366518"
"2010";"EH";"AP";"134.17460342"
"2010";"EH";"TP";"132.27160018"
"2010";"MH";"TP1";"100"
"2010";"MH";"TP2";"100"
"2010";"MH";"TP";"100"
"2010";"MW";"AP";"135.83112487"
"2010";"BF";"AP";"112.42685334"
"2010";"GF";"AP";"104.13962616"
"2010";"VF";"AP";"113.71324864"
"2011";"EW";"TP3";
"2011";"EW";"TP1";"170.04505002"
"2011";"EW";"TP2";"138.46939776"
"2011";"EW";"AP";"159.03063978"
"2011";"EW";"TP";"166.04687565"
"2011";"EH";"TP3";
"2011";"EH";"TP1";"148.3884229"
"2011";"EH";"TP2";"134.05919813"
"2011";"EH";"AP";"139.67831624"
"2011";"EH";"TP";"140.70452325"
"2011";"MH";"TP1";"102.4004853"
"2011";"MH";"TP2";"106.28098395"
"2011";"MH";"TP";"105.51811381"
"2011";"MW";"AP";"139.68105526"
"2011";"BF";"AP";"110.79922351"
"2011";"GF";"AP";"103.74209265"
"2011";"VF";"AP";"114.67909759"
"2012";"EW";"TP3";
"2012";"EW";"TP1";"180.3215777"
"2012";"EW";"TP2";"154.90272946"
"2012";"EW";"AP";"167.19507831"
"2012";"EW";"TP";"177.1709119"
"2012";"EH";"TP3";
"2012";"EH";"TP1";"153.4871135"
"2012";"EH";"TP2";"150.48059723"
"2012";"EH";"AP";"144.90535193"
"2012";"EH";"TP";"147.5053974"
"2012";"MH";"TP1";"114.42224364"
"2012";"MH";"TP2";"113.87402999"
"2012";"MH";"TP";"110.04111322"
"2012";"MW";"AP";"143.98271113"
"2012";"BF";"AP";"116.28200616"
"2012";"GF";"AP";"105.37239383"
"2012";"VF";"AP";"121.86439733"
"2013";"EW";"TP3";
"2013";"EW";"TP1";"199.08608631"
"2013";"EW";"TP2";"165.60493948"
"2013";"EW";"AP";"172.78242509"
"2013";"EW";"TP";"186.08313318"
"2013";"EH";"TP3";
"2013";"EH";"TP1";"164.92055975"
"2013";"EH";"TP2";"155.63717891"
"2013";"EH";"AP";"151.64762517"
"2013";"EH";"TP";"151.9031529"
"2013";"MH";"TP1";"121.77362652"
"2013";"MH";"TP2";"119.44925789"
"2013";"MH";"TP";"114.27702894"
"2013";"MW";"AP";"148.14929056"
"2013";"BF";"AP";"122.51275285"
"2013";"GF";"AP";"107.52959501"
"2013";"VF";"AP";"123.62355801"
"2014";"EW";"TP3";
"2014";"EW";"TP1";"206.51691948"
"2014";"EW";"TP2";"170.51011908"
"2014";"EW";"AP";"176.65709531"
"2014";"EW";"TP";"190.96324682"
"2014";"EH";"TP3";
"2014";"EH";"TP1";"168.89667042"
"2014";"EH";"TP2";"159.49626732"
"2014";"EH";"AP";"153.60614435"
"2014";"EH";"TP";"156.03916846"
"2014";"MH";"TP1";"124.45887262"
"2014";"MH";"TP2";"125.14503127"
"2014";"MH";"TP";"122.00007088"
"2014";"MW";"AP";"151.39978315"
"2014";"BF";"AP";"122.76661961"
"2014";"GF";"AP";"107.44536654"
"2014";"VF";"AP";"119.59058144"
"2015";"EW";"TP3";
"2015";"EW";"TP1";"208.54236145"
"2015";"EW";"TP2";"172.84020189"
"2015";"EW";"AP";"179.37668932"
"2015";"EW";"TP";"194.22829135"
"2015";"EH";"TP3";
"2015";"EH";"TP1";"172.4943298"
"2015";"EH";"TP2";"161.88613543"
"2015";"EH";"AP";"157.08767036"
"2015";"EH";"TP";"160.12516009"
"2015";"MH";"TP1";"131.08459148"
"2015";"MH";"TP2";"126.7158894"
"2015";"MH";"TP";"132.94373923"
"2015";"MW";"AP";"152.86292554"
"2015";"BF";"AP";"126.44798869"
"2015";"GF";"AP";"109.03225287"
"2015";"VF";"AP";"118.17492962"
"2016";"EW";"TP3";
"2016";"EW";"TP1";"207.99738373"
"2016";"EW";"TP2";"178.62498162"
"2016";"EW";"AP";"181.12001741"
"2016";"EW";"TP";"191.96914489"
"2016";"EH";"TP3";
"2016";"EH";"TP1";"171.22774517"
"2016";"EH";"TP2";"162.64936676"
"2016";"EH";"AP";"159.14265554"
"2016";"EH";"TP";"162.72990434"
"2016";"MH";"TP1";"139.23323506"
"2016";"MH";"TP2";"126.74790929"
"2016";"MH";"TP";"141.68029837"
"2016";"MW";"AP";"150.93606593"
"2016";"BF";"AP";"127.9802563"
"2016";"GF";"AP";"113.41653645"
"2016";"VF";"AP";"114.43460368"
"2017";"EW";"TP3";"94.05203744"
"2017";"EW";"TP1";"199.63100874"
"2017";"EW";"TP2";"183.58651443"
"2017";"EW";"AP";"181.49390152"
"2017";"EW";"TP";"191.71665696"
"2017";"EH";"TP3";"93.17806043"
"2017";"EH";"TP1";"164.92359914"
"2017";"EH";"TP2";"167.19774847"
"2017";"EH";"AP";"162.94586477"
"2017";"EH";"TP";"165.87469382"
"2017";"MH";"TP1";"143.05802044"
"2017";"MH";"TP2";"131.44541551"
"2017";"MH";"TP";"145.1955059"
"2017";"MW";"AP";"149.48225695"
"2017";"BF";"AP";"126.72999751"
"2017";"GF";"AP";"113.02584769"
"2017";"VF";"AP";"114.62879352"
"2018";"EW";"TP3";"96.73581976"
"2018";"EW";"TP1";"213.79277822"
"2018";"EW";"TP2";"184.95369236"
"2018";"EW";"AP";"177.9924255"
"2018";"EW";"TP";"196.80581235"
"2018";"EH";"TP3";"96.05583609"
"2018";"EH";"TP1";"174.48166012"
"2018";"EH";"TP2";"171.7198941"
"2018";"EH";"AP";"164.81184756"
"2018";"EH";"TP";"170.87087859"
"2018";"MH";"TP1";"151.87794749"
"2018";"MH";"TP2";"137.40111505"
"2018";"MH";"TP";"143.9073091"
"2018";"MW";"AP";"146.34026876"
"2018";"BF";"AP";"123.9445417"
"2018";"GF";"AP";"111.1930386"
"2018";"VF";"AP";"114.77169895"
"2019";"EW";"TP3";"100"
"2019";"EW";"TP1";"219.16022577"
"2019";"EW";"TP2";"186.00970255"
"2019";"EW";"AP";"175.06810225"
"2019";"EW";"TP";"201.5719847"
"2019";"EH";"TP3";"100"
"2019";"EH";"TP1";"179.21763034"
"2019";"EH";"TP2";"172.31616858"
"2019";"EH";"AP";"165.64064825"
"2019";"EH";"TP";"177.0463757"
"2019";"MH";"TP1";"157.66338671"
"2019";"MH";"TP2";"142.51864688"
"2019";"MH";"TP";"142.31842832"
"2019";"MW";"AP";"144.41277685"
"2019";"BF";"AP";"123.81109685"
"2019";"GF";"AP";"112.29414457"
"2019";"VF";"AP";"115.79827276"
"2020";"EW";"TP3";"102.18595412"
"2020";"EW";"TP1";"227.56112107"
"2020";"EW";"TP2";"192.46337041"
"2020";"EW";"AP";"174.40251326"
"2020";"EW";"TP";"207.38101226"
"2020";"EH";"TP3";"102.78347647"
"2020";"EH";"TP1";"188.93596602"
"2020";"EH";"TP2";"177.02196675"
"2020";"EH";"AP";"169.4955415"
"2020";"EH";"TP";"184.71324742"
"2020";"MH";"TP1";"160.518362"
"2020";"MH";"TP2";"144.60370677"
"2020";"MH";"TP";"147.1975936"
"2020";"MW";"AP";"142.22038583"
"2020";"BF";"AP";"124.99525876"
"2020";"GF";"AP";"109.91852086"
"2020";"VF";"AP";"115.536478"
"2021";"EW";"TP3";"107.7843842"
"2021";"EW";"TP1";"238.04436033"
"2021";"EW";"TP2";"201.60239134"
"2021";"EW";"AP";"177.5982708"
"2021";"EW";"TP";"221.18678791"
"2021";"EH";"TP3";"108.95377664"
"2021";"EH";"TP1";"198.81562028"
"2021";"EH";"TP2";"186.14019606"
"2021";"EH";"AP";"180.04779256"
"2021";"EH";"TP";"197.45186214"
"2021";"MH";"TP1";"164.6348747"
"2021";"MH";"TP2";"148.70413622"
"2021";"MH";"TP";"154.7653991"
"2021";"MW";"AP";"138.32147121"
"2021";"BF";"AP";"123.77740711"
"2021";"GF";"AP";"115.47270712"
"2021";"VF";"AP";"115.22064653"
"2022";"EW";"TP3";"113.77666298"
"2022";"EW";"TP1";"252.97451036"
"2022";"EW";"TP2";"210.57970304"
"2022";"EW";"AP";"181.86871692"
"2022";"EW";"TP";"235.85651196"
"2022";"EH";"TP3";"116.88658809"
"2022";"EH";"TP1";"208.47465958"
"2022";"EH";"TP2";"198.15870441"
"2022";"EH";"AP";"188.47185267"
"2022";"EH";"TP";"212.2700891"
"2022";"MH";"TP1";"168.90349511"
"2022";"MH";"TP2";"157.72997815"
"2022";"MH";"TP";"162.84351779"
"2022";"MW";"AP";"138.87250527"
"2022";"BF";"AP";"121.2369797"
"2022";"GF";"AP";"118.65766518"
"2022";"VF";"AP";"110.30931021"
"2023";"EW";"TP3";"116.55960507"
"2023";"EW";"TP1";"258.79191781"
"2023";"EW";"TP2";"219.15519185"
"2023";"EW";"AP";"187.65850071"
"2023";"EW";"TP";"242.81611725"
"2023";"EH";"TP3";"119.14105981"
"2023";"EH";"TP1";"217.0201939"
"2023";"EH";"TP2";"208.44563169"
"2023";"EH";"AP";"189.89819161"
"2023";"EH";"TP";"215.95620245"
"2023";"MH";"TP1";"151.00526197"
"2023";"MH";"TP2";"164.98530852"
"2023";"MH";"TP";"161.1521189"
"2023";"MW";"AP";"142.71913077"
"2023";"BF";"AP";"118.59719644"
"2023";"GF";"AP";"117.25156031"
"2023";"VF";"AP";"111.54872279"
"2024";"EW";"TP3";"119.26441666"
"2024";"EW";"TP1";"262.93657673"
"2024";"EW";"TP2";"227.29455579"
"2024";"EW";"AP";"188.50189079"
"2024";"EW";"TP";"252.63988536"
"2024";"EH";"TP3";"120.4590903"
"2024";"EH";"TP1";"224.22493187"
"2024";"EH";"TP2";"216.49533713"
"2024";"EH";"AP";"191.53726134"
"2024";"EH";"TP";"221.9372949"
"2024";"MH";"TP1";"159.04105308"
"2024";"MH";"TP2";"168.55458449"
"2024";"MH";"TP";"161.7162652"
"2024";"MW";"AP";"149.40143244"
"2024";"BF";"AP";"117.90373068"
"2024";"GF";"AP";"119.40105881"
"2024";"VF";"AP";"111.64174481"
